-9.578061485705657851e-02,9.075000000000009448e-02,-3.208241891584124456e-02
-9.372517262896895573e-02,-2.475000000000002892e-02,1.146851527344841803e-01
-8.892411194069982372e-02,-9.624999999999997446e-02,-1.223936923789698678e-01
-7.916980137571916210e-02,-2.117499999999999660e-01,2.354734164807181437e-02
-6.897377978222052342e-02,1.622500000000000331e-01,2.024104632624330602e-01
-6.680750352096342937e-02,1.925000000000013853e-02,-2.674905380221318518e-01
-6.616637611139331021e-02,2.062500000000000722e-01,-1.753573378832467000e-01
-6.284000798276889732e-02,2.777500000000000524e-01,5.679837084976906147e-02
-6.021121368668369556e-02,-1.402500000000000135e-01,2.574531411208824117e-01
-4.291085085723134185e-02,4.675000000000004846e-02,3.466286120103845292e-01
-4.284631566616980969e-02,-2.832500000000000573e-01,-2.055261525974141357e-01
-3.751253818460220657e-02,-3.272499999999999298e-01,1.627119252229060620e-01
-2.906026379964266049e-02,-1.677500000000000380e-01,-3.505637045796529683e-01
-2.398954253827434435e-02,3.932499999999999885e-01,-8.246122890338102029e-02
-2.328520177787551937e-02,-3.987499999999999933e-01,-6.233645259727946947e-02
-1.407226889630952549e-02,1.347500000000001197e-01,-4.043511728132997418e-01
-5.912619199597290987e-03,3.217500000000000915e-01,-3.075983420550343350e-01
-5.351402802497684519e-03,3.492499999999999494e-01,2.780161764772878241e-01
3.306613187555429434e-03,-2.557499999999999774e-01,3.888370226513143124e-01
1.146023769227888511e-02,2.337499999999999856e-01,4.220782816452349762e-01
1.221339838722612647e-02,4.647499999999999409e-01,1.352222880086255685e-01
1.366400355713126569e-02,-6.874999999999995004e-02,4.820941190484003824e-01
1.647101190858857311e-02,-5.224999999999992845e-02,-4.898373884095461595e-01
3.019050683346613528e-02,-5.142499999999999849e-01,7.082714496625558409e-02
3.488557294820582300e-02,-4.427500000000000879e-01,2.872743987836146040e-01
4.355739855236939739e-02,-4.702499999999999458e-01,-2.721809832374207372e-01
4.548205839674535067e-02,-3.547499999999999543e-01,-4.159903083696610548e-01
4.698667586149962716e-02,5.087500000000000355e-01,-2.072173774433161697e-01
6.046454917935517592e-02,1.182499999999999940e-01,5.597232120890179852e-01
6.549194505483846296e-02,5.802500000000001545e-01,2.152380684485315828e-03
6.681431629867484734e-02,2.502500000000001390e-01,-5.258701524472465527e-01
7.849726242509824647e-02,-5.857499999999999929e-01,-1.331527023456976211e-01
8.173283423568322714e-02,-2.392499999999999905e-01,-5.563675491787501981e-01
8.273713531348692030e-02,4.372500000000000830e-01,-4.212377886266752691e-01
9.105149850520333210e-02,6.324999999999994515e-02,-6.162889412689178670e-01
9.415027670885112165e-02,-3.712499999999999689e-01,5.016071334354700317e-01
9.789692634735291943e-02,-1.842499999999999416e-01,6.018820332975948206e-01
9.860390821733444611e-02,5.362500000000001155e-01,3.315433956798662929e-01
1.014282285926820792e-01,4.207500000000001794e-01,4.749086324019753391e-01
1.172933627957055691e-01,-6.297500000000000320e-01,1.850511554556907856e-01
1.349812691200249493e-01,6.517500000000000515e-01,1.922616257259812944e-01
1.357426110308036504e-01,-5.582500000000001350e-01,3.891222213034709054e-01
1.385029306747473932e-01,2.750000000000000274e-03,6.839702018684740148e-01
1.398602461928571961e-01,3.052500000000001878e-01,6.139886329734352000e-01
1.485332785898868524e-01,6.242499999999999716e-01,-3.087334770171727416e-01
1.490585452333198502e-01,-1.237499999999999989e-01,-6.859916749200140051e-01
1.525449458495040655e-01,-7.012500000000001510e-01,-8.268536435179888594e-03
1.553331740955745666e-01,6.957500000000000906e-01,-1.116686648820669758e-01
1.569551911504951658e-01,-5.417500000000000648e-01,-4.536324368603970036e-01
1.721960797383057518e-01,3.657500000000001306e-01,-6.252740256074696967e-01
1.744577304478074353e-01,-6.572500000000001119e-01,-3.106483521324637787e-01
1.790621346789154078e-01,-4.262500000000000733e-01,-5.952914906010844387e-01
1.908916128218178798e-01,1.787499999999999367e-01,-7.234583991480927345e-01
1.963857003462751161e-01,5.527499999999999636e-01,-5.085975765691905792e-01
2.057889950080452612e-01,-2.997500000000000719e-01,6.995561571808723844e-01
2.084566332596344829e-01,-4.867499999999999605e-01,5.886709913604775135e-01
2.099375713867062121e-01,1.897499999999999465e-01,7.414824990474585542e-01
2.146000388619390131e-01,7.672500000000000986e-01,6.689049666680803308e-02
2.275264681346695905e-01,6.077500000000000124e-01,4.938872139137663875e-01
2.359884844827078165e-01,-3.107500000000000817e-01,-7.278192369379709037e-01
2.370836880941419311e-01,-7.727500000000001590e-01,-1.755452606251820535e-01
2.373469052283180281e-01,-7.452500000000000790e-01,2.701160760398682581e-01
2.414162014680294455e-01,-1.127499999999999891e-01,7.885670916953146925e-01
2.433506035193914174e-01,-8.250000000000009062e-03,-7.983818812482728067e-01
2.484253438021296612e-01,7.232500000000000595e-01,3.493493576079012009e-01
2.492674798536270719e-01,4.922500000000001319e-01,6.356812256899490032e-01
2.618215243599867348e-01,-6.737500000000000711e-01,4.595143910714727942e-01
2.688258056038727029e-01,-8.167500000000000870e-01,9.112483168255662569e-02
2.784908030409708468e-01,7.397499999999999076e-01,-3.770867489100316883e-01
2.830867980027772512e-01,8.112500000000001377e-01,-1.947020757518763689e-01
2.972631544636505918e-01,4.812500000000001221e-01,-6.961029833477380135e-01
3.070402681048670646e-01,7.424999999999995492e-02,8.510544914820823426e-01
3.073919249836241097e-01,3.767500000000001403e-01,7.670420405180606860e-01
3.075015935794559452e-01,-6.132500000000001839e-01,-5.952901768087618395e-01
3.091203919602086847e-01,-7.287500000000001199e-01,-4.490086911127494917e-01
3.111391677008893408e-01,2.942500000000001781e-01,-8.055356548435188557e-01
3.203875349027753838e-01,8.387499999999999956e-01,2.112470941444490324e-01
3.227607030566834734e-01,-1.952499999999999514e-01,-8.445261228498041062e-01
3.305915435859160256e-01,6.682500000000000107e-01,-5.615463079580470529e-01
3.322313970796429983e-01,-4.152500000000000635e-01,7.691895283048221232e-01
3.412285419097211836e-01,-6.022500000000001741e-01,6.428958729884709511e-01
3.444634599283334930e-01,8.827500000000000346e-01,-3.200440799122014623e-02
3.480402004766288693e-01,-4.977499999999999702e-01,-7.329347565134606279e-01
3.539145287796748862e-01,-8.882500000000002061e-01,-5.987905625517232766e-02
3.596173423479583908e-01,1.072499999999999842e-01,-8.879231325280968479e-01
3.627836026853213935e-01,-8.442500000000001670e-01,-3.019887423287522243e-01
3.640688597580588048e-01,-2.282499999999999807e-01,8.680400465246892461e-01
3.881082792721547436e-01,6.792500000000000204e-01,6.117253955858923398e-01
3.906399348558671214e-01,-8.607500000000001261e-01,3.127135246636095212e-01
3.952707255025846855e-01,7.947499999999999565e-01,4.611669351393592464e-01
3.960452542097238071e-01,2.612500000000001488e-01,8.814687189783895205e-01
4.093252703400435122e-01,-7.892500000000001181e-01,4.880448762574374211e-01
4.233608095096713653e-01,-3.822499999999999787e-01,-8.552030060112385534e-01
4.258080170991382918e-01,-4.125000000000003664e-02,9.373377215669795870e-01
4.270234719561187831e-01,5.637499999999999734e-01,7.509219904962031178e-01
4.339046635411457631e-01,-7.974999999999995981e-02,-9.397744450343055167e-01
4.351143350030503010e-01,8.552500000000001767e-01,-3.993139403789376374e-01
4.354104528976118216e-01,-9.322500000000001341e-01,1.488239926984900041e-01
4.360776050002935778e-01,5.967500000000000027e-01,-7.320389128439794835e-01
4.459174867785563601e-01,4.097500000000001696e-01,-8.573782747668665660e-01
4.539646586215624335e-01,9.267500000000000737e-01,-2.301735073064080095e-01
4.604881877096594911e-01,9.542500000000000426e-01,9.129042610916310307e-02
4.633416625827674329e-01,9.102500000000000036e-01,3.056840957272261572e-01
4.702527947690539056e-01,-8.002500000000001279e-01,-5.375572862960763532e-01
4.710286954845394058e-01,-5.307500000000000551e-01,8.052911253076194820e-01
4.800973114153199717e-01,7.837499999999999467e-01,-5.704709737597709607e-01
4.828965647205397671e-01,-6.847500000000000808e-01,-6.882742728899441387e-01
4.863951425159406261e-01,-7.177500000000001101e-01,6.565401647034087018e-01
4.879509516051460105e-01,-9.597500000000001030e-01,-1.633576124272278496e-01
4.920136986921463951e-01,2.227499999999999758e-01,-9.499117617882024689e-01
5.003920471595738606e-01,-3.437499999999999445e-01,9.177297156345100015e-01
5.025777678822822558e-01,4.482500000000000928e-01,8.727216397540670245e-01
5.091776370029144072e-01,1.457500000000001295e-01,9.735760604503160831e-01
5.181724562991611993e-01,-9.157500000000000639e-01,-3.731543321887288434e-01
5.267079746208588320e-01,-2.667499999999999871e-01,-9.564722140305544906e-01
5.400178446809591470e-01,-5.692500000000001448e-01,-8.212008611101490052e-01
5.456184526138487811e-01,9.982500000000000817e-01,-8.387101343710379187e-02
5.503998876248621386e-01,-1.003750000000000142e+00,1.859237618657598803e-02
5.601495241173621853e-01,-1.567500000000000282e-01,9.959723873510837322e-01
5.617662239489840115e-01,8.662500000000001865e-01,5.172640476855778768e-01
5.633574329538530989e-01,3.575000000000003175e-02,-1.008992173479730914e+00
5.667391286353751223e-01,7.507499999999999174e-01,6.772440142551030551e-01
5.751396971296671712e-01,-9.047500000000000542e-01,4.592615382817606395e-01
5.815531161773891400e-01,7.122500000000000497e-01,-7.263622669984630686e-01
5.839163601438532858e-01,-9.762500000000001732e-01,2.895001591434109289e-01
5.883398762335014798e-01,5.252500000000001057e-01,-8.744417533492732097e-01
6.069218926413306736e-01,3.327500000000001013e-01,9.719912751744876900e-01
6.148668988087629961e-01,-6.462500000000001021e-01,8.025169355638672730e-01
6.211421360023594573e-01,9.707500000000001128e-01,-3.522941333419349896e-01
6.212480775784274822e-01,6.352499999999999813e-01,8.142508328285352759e-01
6.312560511367271143e-01,-4.537500000000000977e-01,-9.317396834291861163e-01
6.316499269063734490e-01,1.025749999999999940e+00,1.488460988804215512e-01
6.316650764509910143e-01,9.817500000000001226e-01,3.324098698807628760e-01
6.338889971580135008e-01,3.382499999999999396e-01,-9.805863914505621448e-01
6.369031421250859193e-01,-8.332500000000001572e-01,6.195604161834133983e-01
6.395160366285491671e-01,8.992499999999999938e-01,-5.209613705947981899e-01
6.403482269650115910e-01,3.024999999999990197e-02,1.039103238207248259e+00
6.426966884015874459e-01,-8.717500000000000249e-01,-5.677907017738207385e-01
6.434141895645815179e-01,-4.592500000000001026e-01,9.337751320827279988e-01
6.513134979735554220e-01,-1.512500000000000233e-01,-1.032250531995291709e+00
6.685055534106436603e-01,-7.562500000000000888e-01,-7.267718826292169920e-01
6.688111653760253628e-01,-1.031250000000000000e+00,-1.919306992651608756e-01
6.891818057979706147e-01,-9.872500000000001830e-01,-3.724640756542695330e-01
6.903512231000330512e-01,-1.047750000000000181e+00,1.278185137777566871e-01
6.970010228409440067e-01,1.042250000000000121e+00,-1.786240670810231301e-01
7.032900474867342933e-01,-2.722499999999999920e-01,1.023642096428031723e+00
7.044792062496001428e-01,1.512500000000000233e-01,-1.048709157946631887e+00
7.119864551428439770e-01,5.197500000000000453e-01,9.256933269062791458e-01
7.253061960061897295e-01,8.277499999999999858e-01,-6.703530797627549331e-01
7.304419381996588578e-01,6.407500000000000417e-01,-8.525126912946479063e-01
7.311825538974461303e-01,9.377500000000000835e-01,5.082933387040404760e-01
7.326387553757449655e-01,2.172500000000000819e-01,1.044662817550701117e+00
7.407424338486776616e-01,-6.407500000000000417e-01,-8.557014385247303512e-01
7.439538249088009092e-01,1.069749999999999979e+00,8.677195466694341552e-03
7.475792192454611129e-01,8.222500000000001474e-01,6.857030603280613867e-01
7.480461585226243493e-01,-3.382499999999999396e-01,-1.015926276490963343e+00
7.551242614858908464e-01,-7.617500000000001492e-01,7.548329684023940001e-01
7.635036335195882762e-01,-1.020250000000000101e+00,3.363917450556164757e-01
7.715179557566191892e-01,-1.075250000000000039e+00,-4.041525650500877448e-02
7.778168685955785255e-01,4.537499999999999312e-01,-9.771108399866034189e-01
7.826945332098433905e-01,-8.524999999999996469e-02,1.074946869200107180e+00
7.850941692858126597e-01,-9.487500000000000933e-01,5.135064959910876636e-01
7.852300431073309106e-01,-5.747499999999999831e-01,9.129820935354217015e-01
7.901920064278467049e-01,-3.575000000000003175e-02,-1.079213854309342802e+00
8.071142538488547125e-01,1.014750000000000041e+00,-3.782559007229315817e-01
8.084589023093746718e-01,-9.432500000000001439e-01,-5.325330462942842180e-01
8.155954410890393635e-01,1.053250000000000020e+00,2.581848100738191043e-01
8.168905928032053065e-01,7.067500000000001004e-01,8.227851375031263181e-01
8.290464591900224001e-01,4.042499999999999982e-01,1.008641078077098463e+00
8.455998854485307081e-01,-5.252499999999999947e-01,-9.540823036439221028e-01
8.478182645046841159e-01,-3.877499999999999836e-01,1.018081851759294443e+00
8.478996896614106049e-01,-8.277500000000000968e-01,-7.083046188575256030e-01
8.501048600660348065e-01,2.667499999999999871e-01,-1.056586903441537828e+00
8.571590538949906968e-01,9.432500000000000329e-01,-5.476092599799844418e-01
8.624608047230913899e-01,-1.058750000000000080e+00,-2.648233510523199663e-01
8.628889617394577272e-01,7.562500000000000888e-01,-7.869475844598013969e-01
8.723536137905021359e-01,1.017500000000001042e-01,1.087820452826501860e+00
8.812173947072690083e-01,-8.772500000000001963e-01,6.529342464443652627e-01
8.824374835479110724e-01,-2.227499999999999758e-01,-1.070776116760853158e+00
8.832747510724359152e-01,1.009249999999999980e+00,4.216511043063900233e-01
8.899085322090977135e-01,1.086250000000000160e+00,-1.339432947916567307e-01
9.008466743113874298e-01,-1.091750000000000220e+00,9.083256852521469360e-02
9.128540144655389321e-01,8.937500000000000444e-01,6.353082045001682276e-01
9.155510155266852745e-01,5.692500000000001448e-01,-9.374554957550923495e-01
9.168011535788237465e-01,-6.902500000000001412e-01,8.524276447031652326e-01
9.210332374273559886e-01,5.912500000000001643e-01,9.242227479935752887e-01
9.277889556415581662e-01,-1.064250000000000140e+00,2.686214856869478251e-01
9.289720781799821747e-01,-2.007499999999999563e-01,1.079191582538489680e+00
9.310262202177794766e-01,1.162250000000000005e+00,2.024104632624330602e-01
9.338336238886066898e-01,1.206250000000000044e+00,-1.753573378832467000e-01
9.348641850311636414e-01,-7.122500000000000497e-01,-8.357375563586607603e-01
9.361103667534967920e-01,7.975000000000007083e-02,-1.095243375813625963e+00
9.371599920172311027e-01,1.277750000000000163e+00,5.679837084976906147e-02
9.454347731128475152e-01,-1.014750000000000263e+00,-4.210760899347685826e-01
9.570891491427686582e-01,1.046750000000000069e+00,3.466286120103845292e-01
9.637614161998994122e-01,2.887500000000000622e-01,1.060806392582625435e+00
9.727523395741213275e-01,-4.097500000000000031e-01,-1.020471705879842705e+00
9.740076889951897465e-01,8.717500000000000249e-01,-6.703553813229438108e-01
9.760104574617256556e-01,1.393250000000000099e+00,-8.246122890338102029e-02
9.781163942010553392e-01,-9.927500000000001323e-01,4.732531513864818296e-01
9.856856779510070332e-01,-5.032499999999999751e-01,9.780258369206192848e-01
9.859277311036904745e-01,1.134750000000000147e+00,-4.043511728132997418e-01
9.925927038073397712e-01,3.822499999999999787e-01,-1.031421383074403009e+00
9.940873808004027090e-01,1.321750000000000203e+00,-3.075983420550343350e-01
9.946485971975023155e-01,1.349250000000000060e+00,2.780161764772878241e-01
9.979981765518751713e-01,7.782500000000001084e-01,7.773821005161378750e-01
1.003090493260164973e+00,-8.992500000000002158e-01,-6.335139196192998146e-01
1.011460237692278774e+00,1.233749999999999902e+00,4.220782816452349762e-01
1.012213398387226126e+00,1.464749999999999996e+00,1.352222880086255685e-01
1.015157951090528865e+00,-1.086250000000000160e+00,-1.727170345354999137e-01
1.018629573083154272e+00,-1.375000000000001568e-02,1.099756280503430217e+00
1.026700149243074511e+00,-1.072499999999999842e-01,-1.094433433119802679e+00
1.027290279317073063e+00,-8.057500000000000773e-01,7.483462956110601416e-01
1.037784587436966444e+00,6.847500000000000808e-01,-8.600521858888670046e-01
1.046986675861499627e+00,1.508750000000000036e+00,-2.072173774433161697e-01
1.048094317425608324e+00,4.757499999999999507e-01,9.906305437100982880e-01
1.051687624478989891e+00,-5.967500000000000027e-01,-9.226146687408124381e-01
1.060464549179355176e+00,1.118249999999999966e+00,5.597232120890179852e-01
1.065491945054838574e+00,1.580250000000000155e+00,2.152380684485315828e-03
1.066814316298674736e+00,1.250250000000000083e+00,-5.258701524472465527e-01
1.071612327325209835e+00,-3.162500000000000866e-01,1.051122072870257718e+00
1.077733117138063523e+00,-1.097250000000000059e+00,0.000000000000000000e+00
1.081629499034004294e+00,1.952500000000000624e-01,-1.079450815177541045e+00
1.082737135313486920e+00,1.437250000000000139e+00,-4.212377886266752691e-01
1.091051498505203332e+00,1.063250000000000028e+00,-6.162889412689178670e-01
1.098603908217334446e+00,1.536250000000000115e+00,3.315433956798662929e-01
1.101428228592681968e+00,1.420750000000000179e+00,4.749086324019753391e-01
1.101808808857819733e+00,-9.212500000000001243e-01,5.923963233671796225e-01
1.106652844109542011e+00,-7.837500000000000577e-01,-7.644351564019971068e-01
1.108010859832413875e+00,1.732500000000000429e-01,1.080887640626102542e+00
1.108072275152294672e+00,-6.187500000000000222e-01,9.030331227831052132e-01
1.110024758558869618e+00,-1.036750000000000060e+00,3.507762677321009104e-01
1.113247870756482794e+00,-2.942500000000000671e-01,-1.053846220882877605e+00
1.113547289555699482e+00,-9.707500000000001128e-01,-5.047290862775335452e-01
1.114828488126412998e+00,6.627500000000000613e-01,8.703889106684450372e-01
1.123820464252839324e+00,4.977499999999999702e-01,-9.730947693478838589e-01
1.124662333540763282e+00,-1.080750000000000099e+00,1.625999387951036768e-01
1.133371643158958886e+00,8.002500000000001279e-01,-7.428404554822516381e-01
1.134981269120024949e+00,1.651750000000000052e+00,1.922616257259812944e-01
1.138502930674747393e+00,1.002750000000000030e+00,6.839702018684740148e-01
1.139860246192857307e+00,1.305250000000000243e+00,6.139886329734352000e-01
1.148227733616500101e+00,8.497500000000000053e-01,6.826078497108833965e-01
1.148533278589886741e+00,1.624249999999999972e+00,-3.087334770171727416e-01
1.149058545233319961e+00,8.762499999999999734e-01,-6.859916749200140051e-01
1.149079920973849145e+00,-1.042250000000000121e+00,-3.185751318958069955e-01
1.155333174095574567e+00,1.695750000000000091e+00,-1.116686648820669758e-01
1.163981445977368967e+00,-1.292500000000000038e-01,1.080002093921660578e+00
1.172196079738305752e+00,1.365750000000000242e+00,-6.252740256074696967e-01
1.173221563821309266e+00,8.250000000000128758e-03,-1.086244091964278624e+00
1.186526090521675458e+00,-4.812499999999999556e-01,-9.713940781447557571e-01
1.188378802990182725e+00,3.602499999999999591e-01,1.022121990803439351e+00
1.190891612821817880e+00,1.178749999999999964e+00,-7.234583991480927345e-01
1.196385700346275005e+00,1.552750000000000075e+00,-5.085975765691905792e-01
1.202753575124629659e+00,-4.317500000000000782e-01,9.912027669827103704e-01
1.204906944038064864e+00,-7.342500000000000693e-01,7.930259023417719488e-01
1.209937571386706212e+00,1.189749999999999863e+00,7.414824990474585542e-01
1.214600038861938902e+00,1.767250000000000210e+00,6.689049666680803308e-02
1.216164338981473581e+00,-1.069750000000000201e+00,-1.375060582400008946e-01
1.219163736348616078e+00,3.107500000000000817e-01,-1.032182975140413017e+00
1.227526468134669591e+00,1.607750000000000012e+00,4.938872139137663875e-01
1.235037454553065128e+00,6.132499999999999618e-01,-8.824295056587897479e-01
1.235051327629180351e+00,-6.682500000000001217e-01,-8.415419246120537933e-01
1.240471314978106587e+00,-8.552500000000001767e-01,-6.486300826917452689e-01
1.241416201468029445e+00,8.872499999999999831e-01,7.885670916953146925e-01
1.243350603519391306e+00,9.917500000000000204e-01,-7.983818812482728067e-01
1.248425343802129550e+00,1.723250000000000171e+00,3.493493576079012009e-01
1.249267479853627183e+00,1.492250000000000076e+00,6.356812256899490032e-01
1.249838867649859520e+00,5.472500000000001252e-01,9.209223516189819492e-01
1.254003192087074225e+00,5.775000000000005823e-02,1.068712924928662655e+00
1.258836684554843099e+00,-1.787500000000000477e-01,-1.054064518057911348e+00
1.262279964765036899e+00,-9.652500000000001634e-01,4.577135103783270265e-01
1.263370417377464250e+00,-8.497500000000001164e-01,6.469628743215642963e-01
1.278490803040970736e+00,1.739749999999999908e+00,-3.770867489100316883e-01
1.283086798002777140e+00,1.811250000000000249e+00,-1.947020757518763689e-01
1.297263154463650592e+00,1.481250000000000178e+00,-6.961029833477380135e-01
1.298024662161139542e+00,-1.053250000000000020e+00,1.088381286302676082e-01
1.300932684210516221e+00,-2.447499999999999953e-01,1.029338116011378368e+00
1.307040268104866954e+00,1.074249999999999927e+00,8.510544914820823426e-01
1.307391924983624110e+00,1.376750000000000140e+00,7.670420405180606860e-01
1.311139167700889452e+00,1.294250000000000123e+00,-8.055356548435188557e-01
1.314179035516227945e+00,-5.472500000000000142e-01,9.010044234864181822e-01
1.314521448593818587e+00,1.237500000000001238e-01,-1.046786604745420846e+00
1.320387534902775384e+00,1.838750000000000107e+00,2.112470941444490324e-01
1.320482043012045192e+00,-9.267500000000000737e-01,-4.984232113443610168e-01
1.322760703056683473e+00,8.047500000000000764e-01,-8.445261228498041062e-01
1.327519796909035321e+00,-9.982500000000001927e-01,-3.259259427119358676e-01
1.329736188817832065e+00,-3.657499999999999640e-01,-9.836162784764651557e-01
1.330591543585915915e+00,1.668250000000000011e+00,-5.615463079580470529e-01
1.333276594963751505e+00,2.447499999999999953e-01,1.019325339991784762e+00
1.334541090365392479e+00,-1.009250000000000203e+00,2.819515851296710562e-01
1.341011128058447355e+00,4.262500000000000733e-01,-9.549986115384175855e-01
1.344463459928333382e+00,1.882750000000000146e+00,-3.200440799122014623e-02
1.359617342347958502e+00,1.107250000000000068e+00,-8.879231325280968479e-01
1.364068859758058805e+00,7.717500000000000471e-01,8.680400465246892461e-01
1.375699464005520012e+00,-5.527500000000000746e-01,-8.736803478652619415e-01
1.382258510067455815e+00,-7.397500000000001297e-01,-7.187825602927555568e-01
1.388020559967260814e+00,-1.025750000000000162e+00,-8.530523162557518413e-02
1.388108279272154633e+00,1.679250000000000131e+00,6.117253955858923398e-01
1.392737036103417037e+00,4.317500000000001892e-01,9.323891665890929881e-01
1.394244443733816397e+00,-5.774999999999993333e-02,1.025298130343079483e+00
1.395270725502584686e+00,1.794750000000000068e+00,4.611669351393592464e-01
1.396045254209723918e+00,1.261250000000000204e+00,8.814687189783895205e-01
1.397023780727833397e+00,-6.627500000000000613e-01,7.830290895213136704e-01
1.401764516149552886e+00,-6.324999999999994515e-02,-1.022049270369641105e+00
1.422066846600194445e+00,-3.602499999999999591e-01,9.497786660590814556e-01
1.423360809509671476e+00,6.177500000000000213e-01,-8.552030060112385534e-01
1.425808017099138292e+00,9.587499999999999911e-01,9.373377215669795870e-01
1.427023471956118783e+00,1.563749999999999973e+00,7.509219904962031178e-01
1.430851274710257748e+00,-8.937500000000000444e-01,4.749506464681842455e-01
1.433904663541145652e+00,9.202500000000000124e-01,-9.397744450343055167e-01
1.435114335003050190e+00,1.855250000000000288e+00,-3.993139403789376374e-01
1.436077605000293467e+00,1.596750000000000114e+00,-7.320389128439794835e-01
1.439288463114125394e+00,5.417500000000000648e-01,-8.506071852946163192e-01
1.440870927316697525e+00,-7.782500000000001084e-01,6.402810031126296986e-01
1.443308734257295001e+00,2.392500000000001015e-01,-9.778736133218828286e-01
1.445917486778556249e+00,1.409750000000000281e+00,-8.573782747668665660e-01
1.453964658621562434e+00,1.926750000000000185e+00,-2.301735073064080095e-01
1.460488187709659602e+00,1.954250000000000043e+00,9.129042610916310307e-02
1.463341662582767544e+00,1.910250000000000004e+00,3.056840957272261572e-01
1.472848853848789830e+00,-2.502499999999999725e-01,-9.611393753841771526e-01
1.474899054894639017e+00,1.292500000000000038e-01,9.837506417584584995e-01
1.480097311415319972e+00,1.783749999999999947e+00,-5.704709737597709607e-01
1.481513343280750128e+00,-8.112500000000001377e-01,-5.657016331447122237e-01
1.491721201500132654e+00,-9.817500000000001226e-01,6.616039219401589899e-02
1.492013698692146395e+00,1.222750000000000004e+00,-9.499117617882024689e-01
1.496725969632051179e+00,-9.542500000000001537e-01,-2.294999969348554270e-01
1.500392047159573750e+00,6.562500000000000000e-01,9.177297156345100015e-01
1.502577767882282256e+00,1.448250000000000037e+00,8.727216397540670245e-01
1.508983878398726386e+00,-9.377500000000000835e-01,2.675076616289530085e-01
1.509177637002914407e+00,1.145750000000000046e+00,9.735760604503160831e-01
1.518828121238267936e+00,-4.372500000000000830e-01,-8.658116527931285500e-01
1.520021902537470826e+00,-4.757499999999999507e-01,8.445348769478435713e-01
1.521580289714450585e+00,-1.732500000000000429e-01,9.528580371080415112e-01
1.522795765895957221e+00,-8.827500000000000346e-01,-3.967833472579962439e-01
1.526707974620858721e+00,7.332499999999999574e-01,-9.564722140305544906e-01
1.528104923798260462e+00,-6.242500000000001936e-01,-7.358105238171259721e-01
1.534745164757228109e+00,5.224999999999992845e-02,-9.598528774081813708e-01
1.534794958015069932e+00,3.162499999999999201e-01,9.077336009984755538e-01
1.545618452613848781e+00,1.998250000000000082e+00,-8.387101343710379187e-02
1.552531815654438763e+00,3.547500000000001208e-01,-8.825310363888682064e-01
1.560149524117362185e+00,8.432499999999999440e-01,9.959723873510837322e-01
1.561766223948984011e+00,1.866250000000000187e+00,5.172640476855778768e-01
1.563357432953853099e+00,1.035749999999999948e+00,-1.008992173479730914e+00
1.566739128635375122e+00,1.750750000000000028e+00,6.772440142551030551e-01
1.581553116177389029e+00,1.712250000000000050e+00,-7.263622669984630686e-01
1.587338764696499371e+00,-5.912500000000001643e-01,7.179530715755663151e-01
1.588339876233501480e+00,1.525250000000000217e+00,-8.744417533492732097e-01
1.595691231610576244e+00,-8.222500000000001474e-01,4.231511480337433184e-01
1.605988847727170210e+00,1.375000000000001221e-02,9.179261701957824870e-01
1.606921892641330674e+00,1.332750000000000101e+00,9.719912751744876900e-01
1.608245722797374100e+00,-1.347500000000000087e-01,-9.065757432220982182e-01
1.615503557965302317e+00,-9.102500000000001146e-01,-5.099321162717042333e-02
1.615954029953650561e+00,-7.067500000000001004e-01,5.754173011683414440e-01
1.621142136002359457e+00,1.970750000000000224e+00,-3.522941333419349896e-01
1.621248077578427482e+00,1.635250000000000092e+00,8.142508328285352759e-01
1.629253540510806397e+00,-2.887500000000000622e-01,8.547885231182127397e-01
1.631256051136727114e+00,5.462499999999999023e-01,-9.317396834291861163e-01
1.631649926906373338e+00,2.025749999999999940e+00,1.488460988804215512e-01
1.631665076450991014e+00,1.981750000000000123e+00,3.324098698807628760e-01
1.633835582906381756e+00,-6.957500000000000906e-01,-5.693719270755517314e-01
1.633888997158013501e+00,1.338249999999999940e+00,-9.805863914505621448e-01
1.639516036628549056e+00,1.899249999999999883e+00,-5.209613705947981899e-01
1.640348226965011591e+00,1.030249999999999888e+00,1.039103238207248259e+00
1.643414189564581518e+00,5.407499999999998419e-01,9.337751320827279988e-01
1.651002008306988733e+00,1.677500000000001490e-01,-8.706642996472677698e-01
1.651313497973555311e+00,8.487500000000000044e-01,-1.032250531995291709e+00
1.653836428832750061e+00,-8.662500000000001865e-01,1.791894579243880625e-01
1.656178402383330805e+00,-3.217500000000000915e-01,-8.221355373329021221e-01
1.668345550727308391e+00,2.007499999999999563e-01,8.503021006224853462e-01
1.669246630484967575e+00,-5.087500000000000355e-01,-7.094239811879193836e-01
1.680097210416937159e+00,-8.387500000000001066e-01,-2.096812387484870421e-01
1.685820493381775531e+00,-7.672500000000000986e-01,-3.885584748240322184e-01
1.697001022840944007e+00,2.042250000000000121e+00,-1.786240670810231301e-01
1.703290047486734293e+00,7.277500000000000080e-01,1.023642096428031723e+00
1.704479206249600143e+00,1.151250000000000107e+00,-1.048709157946631887e+00
1.710932529766937105e+00,-4.042499999999999982e-01,7.356336558499639855e-01
1.711986455142843866e+00,1.519750000000000156e+00,9.256933269062791458e-01
1.719936306336768972e+00,-1.017499999999999793e-01,8.254324032397627464e-01
1.725306196006189730e+00,1.827749999999999986e+00,-6.703530797627549331e-01
1.729083130195441687e+00,-1.925000000000002404e-02,-8.234483752879817597e-01
1.730441938199658747e+00,1.640750000000000153e+00,-8.525126912946479063e-01
1.731182553897446130e+00,1.937750000000000083e+00,5.082933387040404760e-01
1.732638755375744966e+00,1.217250000000000165e+00,1.044662817550701117e+00
1.740121665007395180e+00,-7.507500000000001394e-01,3.139973861144088607e-01
1.740742433848677662e+00,3.592499999999999583e-01,-8.557014385247303512e-01
1.743953824908800909e+00,2.069749999999999979e+00,8.677195466694341552e-03
1.747579219245461113e+00,1.822250000000000147e+00,6.857030603280613867e-01
1.748046158522624349e+00,6.617500000000000604e-01,-1.015926276490963343e+00
1.759515842355235282e+00,-7.947500000000000675e-01,3.883455563563746604e-02
1.760652540850187187e+00,-5.197500000000000453e-01,6.010554463592810981e-01
1.772271543624035717e+00,-5.802500000000001545e-01,-5.262191562538836020e-01
1.772555309805505130e+00,-6.352500000000002034e-01,4.578381054382868465e-01
1.777816868595578415e+00,1.453749999999999876e+00,-9.771108399866034189e-01
1.780609203549307740e+00,-2.062499999999999611e-01,-7.470677404587321435e-01
1.782694533209843391e+00,9.147500000000000631e-01,1.074946869200107180e+00
1.785230043107330911e+00,4.252500000000000169e-01,9.129820935354217015e-01
1.786639780956962298e+00,8.524999999999996469e-02,7.641533174147597807e-01
1.790192006427846705e+00,9.642499999999999405e-01,-1.079213854309342802e+00
1.798295525108354331e+00,-3.932499999999999885e-01,-6.465900494841975155e-01
1.807114253848854712e+00,2.014750000000000263e+00,-3.782559007229315817e-01
1.810829995685737437e+00,-2.172499999999999709e-01,7.108847695627381613e-01
1.815595441089039364e+00,2.053250000000000242e+00,2.581848100738191043e-01
1.816890592803205307e+00,1.706749999999999989e+00,8.227851375031263181e-01
1.817500150206227127e+00,-7.232500000000000595e-01,-1.363926021190162985e-01
1.822347753746192733e+00,-6.517500000000000515e-01,-3.301001505734149077e-01
1.829046459190022400e+00,1.404249999999999998e+00,1.008641078077098463e+00
1.829310784813066526e+00,9.624999999999997446e-02,-7.162259138656849045e-01
1.845599885448530708e+00,4.747500000000000053e-01,-9.540823036439221028e-01
1.847818264504684116e+00,6.122499999999999609e-01,1.018081851759294443e+00
1.847899689661410605e+00,1.722499999999999032e-01,-7.083046188575256030e-01
1.850104860066034806e+00,1.266750000000000043e+00,-1.056586903441537828e+00
1.850490732835194940e+00,-6.792500000000001315e-01,1.590124236072545105e-01
1.857159053894990697e+00,1.943249999999999922e+00,-5.476092599799844418e-01
1.862888961739457727e+00,1.756250000000000089e+00,-7.869475844598013969e-01
1.872353613790502136e+00,1.101750000000000007e+00,1.087820452826501860e+00
1.873498750876720020e+00,-3.327499999999999347e-01,5.798942746025431694e-01
1.881217394707269008e+00,1.227499999999998037e-01,6.529342464443652627e-01
1.882437483547911183e+00,7.772499999999999964e-01,-1.070776116760853158e+00
1.883274751072435915e+00,2.009249999999999758e+00,4.216511043063900233e-01
1.883837054704760927e+00,-3.025000000000003381e-02,6.541536503229297139e-01
1.885993710931951561e+00,-9.074999999999996958e-02,-6.455846820433629452e-01
1.889908532209097825e+00,2.086250000000000160e+00,-1.339432947916567307e-01
1.891415480656553516e+00,-4.647499999999999409e-01,-4.465264587298786170e-01
1.897027885715995454e+00,-5.637500000000000844e-01,2.958494714341927678e-01
1.903505157169800288e+00,-4.482500000000000928e-01,4.390334480054735589e-01
1.909032125701621174e+00,-2.777500000000000524e-01,-5.536384487573022817e-01
1.912854014465538821e+00,1.893750000000000044e+00,6.353082045001682276e-01
1.915551015526685275e+00,1.569250000000000256e+00,-9.374554957550923495e-01
1.916407235047747459e+00,-6.077500000000000124e-01,-2.894334210388332940e-02
1.916801153578823858e+00,3.097499999999998588e-01,8.524276447031652326e-01
1.921033237427355989e+00,1.591250000000000053e+00,9.242227479935752887e-01
1.928972078179982175e+00,7.992500000000000160e-01,1.079191582538489680e+00
1.931056340801925231e+00,-5.362500000000000044e-01,-2.357329585622880974e-01
1.934864185031163641e+00,2.877499999999999503e-01,-8.357375563586607603e-01
1.935862999212512925e+00,2.097249999999999837e+00,4.391904632372806150e-02
1.936110366753496681e+00,1.079749999999999988e+00,-1.095243375813625963e+00
1.942499999999999893e+00,-5.671805268166391079e-01,5.002845249091635048e-15
1.942499999999999893e+00,-5.660613256070335941e-01,3.561355994573121853e-02
1.942499999999999893e+00,-5.646633595621836088e-01,-5.337640272581500173e-02
1.942499999999999893e+00,-5.646633595621827206e-01,5.337640272582496598e-02
1.942499999999999893e+00,-5.627081389540787848e-01,-7.108656944062959060e-02
1.942499999999999893e+00,-5.601975933494031112e-01,-8.872658229379180861e-02
1.942499999999999893e+00,-5.571342003535667553e-01,-1.062790327223201714e-01
1.942499999999999893e+00,-5.535209831656063839e-01,1.237265985767844745e-01
1.942499999999999893e+00,-5.493615075946640669e-01,-1.410520612161272336e-01
1.942499999999999893e+00,-5.493615075946616244e-01,1.410520612161369480e-01
1.942499999999999893e+00,-5.446598785409394461e-01,1.582383225004908023e-01
1.942499999999999893e+00,-5.394207359446845373e-01,-1.752684216648713600e-01
1.942499999999999893e+00,-5.394207359446815397e-01,1.752684216648808802e-01
1.942499999999999893e+00,-5.273511170878204535e-01,2.087930777258387993e-01
1.942499999999999893e+00,-5.205325520838504083e-01,-2.252545498343460628e-01
1.942499999999999893e+00,-5.132002842956264743e-01,-2.414937228974874672e-01
1.942499999999999893e+00,-5.053615497862193884e-01,2.574945708120284782e-01
1.942499999999999893e+00,-4.970240844402217806e-01,-2.732413026728565675e-01
1.942499999999999893e+00,-4.881961163293219719e-01,-2.887183783567776052e-01
1.942499999999999893e+00,-4.788863575922365778e-01,-3.039105238586528035e-01
1.942499999999999893e+00,-4.691039958368583007e-01,-3.188027463650416893e-01
1.942499999999999893e+00,-4.691039958368526386e-01,3.188027463650500160e-01
1.942499999999999893e+00,-4.481605361860564463e-01,-3.476289455805237072e-01
1.942499999999999893e+00,-4.370201069567673513e-01,3.615344743112279824e-01
1.942499999999999893e+00,-4.254483916439949498e-01,3.750832121643651318e-01
1.942499999999999893e+00,-4.134568101336767443e-01,3.882617881714411356e-01
1.942499999999999893e+00,-4.010571966690092971e-01,-4.010571966689986390e-01
1.942499999999999893e+00,-3.882617881714448549e-01,-4.134568101336733026e-01
1.942499999999999893e+00,-3.750832121643690176e-01,-4.254483916439915636e-01
1.942499999999999893e+00,-3.615344743112318682e-01,-4.370201069567640761e-01
1.942499999999999893e+00,-3.615344743112240966e-01,4.370201069567704599e-01
1.942499999999999893e+00,-3.333803490503025047e-01,-4.588586850731919409e-01
1.942499999999999893e+00,-3.188027463650541793e-01,-4.691039958368498075e-01
1.942499999999999893e+00,-3.188027463650459081e-01,4.691039958368554696e-01
1.942499999999999893e+00,-3.039105238586655156e-01,-4.788863575922285287e-01
1.942499999999999893e+00,-3.039105238586570779e-01,4.788863575922338578e-01
1.942499999999999893e+00,-2.887183783567905948e-01,-4.881961163293142558e-01
1.942499999999999893e+00,-2.732413026728609529e-01,4.970240844402193381e-01
1.942499999999999893e+00,-2.574945708120241483e-01,5.053615497862216088e-01
1.942499999999999893e+00,-2.414937228974920747e-01,5.132002842956242539e-01
1.942499999999999893e+00,-2.252545498343598851e-01,-5.205325520838444131e-01
1.942499999999999893e+00,-2.252545498343506702e-01,5.205325520838484099e-01
1.942499999999999893e+00,-2.087930777258434900e-01,-5.273511170878185661e-01
1.942499999999999893e+00,-1.921255520575054776e-01,-5.336492502070990795e-01
1.942499999999999893e+00,-1.410520612161418608e-01,-5.493615075946604032e-01
1.942499999999999893e+00,-1.410520612161321463e-01,5.493615075946628457e-01
1.942499999999999893e+00,-1.237265985767894150e-01,-5.535209831656052737e-01
1.942499999999999893e+00,-1.237265985767796589e-01,5.535209831656074941e-01
1.942499999999999893e+00,-1.062790327223251396e-01,5.571342003535657561e-01
1.942499999999999893e+00,-8.872658229379683237e-02,5.601975933494023341e-01
1.942499999999999893e+00,-7.108656944064455085e-02,-5.627081389540768974e-01
1.942499999999999893e+00,-5.337640272583001055e-02,-5.646633595621822765e-01
1.942499999999999893e+00,-3.561355994572629191e-02,5.660613256070339272e-01
1.942499999999999893e+00,-1.781557088165330177e-02,-5.669006574649222419e-01
1.942499999999999893e+00,-1.781557088164330283e-02,5.669006574649225749e-01
1.942499999999999893e+00,-1.007515007985374087e-14,-5.671805268166391079e-01
1.942499999999999893e+00,-6.945958167047066488e-17,5.671805268166391079e-01
1.942499999999999893e+00,2.021975974137795094e-14,5.671805268166391079e-01
1.942499999999999893e+00,1.781557088163316510e-02,-5.669006574649229080e-01
1.942499999999999893e+00,1.781557088166344643e-02,5.669006574649219088e-01
1.942499999999999893e+00,3.561355994571616806e-02,-5.660613256070344823e-01
1.942499999999999893e+00,5.337640272584010664e-02,5.646633595621812773e-01
1.947147897761679181e+00,-4.829999999999999849e-01,3.133902532184886236e-01
1.956608071148039585e+00,-5.129999999999999005e-01,-2.969247089862770972e-01
1.958707700069176827e+00,-3.869999999999999551e-01,-4.538076091305393023e-01
1.963761416199899523e+00,1.288750000000000062e+00,1.060806392582625435e+00
1.963857907026978822e+00,2.058749999999999858e+00,-2.962130763749798446e-01
1.972752339574121327e+00,5.902499999999999414e-01,-1.020471705879842705e+00
1.974007688995189858e+00,1.871750000000000025e+00,-6.703553813229438108e-01
1.985685677951007033e+00,4.967500000000000249e-01,9.780258369206192848e-01
1.989010682039431543e+00,2.080750000000000099e+00,2.045939207082208555e-01
1.992592703807339660e+00,1.382249999999999979e+00,-1.031421383074403009e+00
1.994724286281925441e+00,-6.389999999999999014e-01,-1.452574934680337659e-01
1.997998176551875060e+00,1.778250000000000108e+00,7.773821005161378750e-01
1.998254000984381884e+00,-2.609999999999999543e-01,-6.069464172859092566e-01
2.008419816551131110e+00,6.899999999999992251e-02,-6.723152086570012287e-01
2.011800301864201224e+00,-4.049999999999999711e-01,5.472077819296036205e-01
2.015887556015294457e+00,-2.009999999999999010e-01,6.565985817791942791e-01
2.018629573083154494e+00,9.862499999999999600e-01,1.099756280503430217e+00
2.026700149243074733e+00,8.927500000000000435e-01,-1.094433433119802679e+00
2.027290279317073285e+00,1.942499999999999227e-01,7.483462956110601416e-01
2.034751004167554722e+00,1.497510041675548798e-01,6.970430494562480650e-01
2.037047304868042641e+00,-6.869999999999999440e-01,2.018739877698444707e-01
2.037784587436966444e+00,1.684750000000000192e+00,-8.600521858888670046e-01
2.042201968471118789e+00,1.965250000000000163e+00,5.258435426599463725e-01
2.046012303448046854e+00,1.987249999999999961e+00,-4.829288823744185000e-01
2.048094317425608324e+00,1.475749999999999895e+00,9.906305437100982880e-01
2.051687624478989669e+00,4.032499999999999973e-01,-9.226146687408124381e-01
2.057173757488149679e+00,-6.090000000000000968e-01,4.244969686946954979e-01
2.060185015281542853e+00,3.000000000000000062e-03,7.461493111292443192e-01
2.071612327325209613e+00,6.837499999999998579e-01,1.051122072870257718e+00
2.071700231163621897e+00,-1.349999999999999811e-01,-7.483545544581970965e-01
2.075503577290368273e+00,-7.650000000000000133e-01,-9.020221565650786769e-03
2.080314753982358322e+00,-5.909999999999999698e-01,-4.948717493022511960e-01
2.081629499034004294e+00,1.195250000000000146e+00,-1.079450815177541045e+00
2.099408433215789849e+00,-7.169999999999999707e-01,-3.388891114172332131e-01
2.104431419649726021e+00,-4.649999999999999689e-01,-6.494088988375465998e-01
2.107407260030868645e+00,2.036750000000000060e+00,3.515865725431810973e-01
2.108010859832413875e+00,1.173250000000000126e+00,1.080887640626102542e+00
2.108072275152294672e+00,3.812499999999999778e-01,9.030331227831052132e-01
2.113247870756482794e+00,7.057499999999998774e-01,-1.053846220882877605e+00
2.114828488126413220e+00,1.662749999999999950e+00,8.703889106684450372e-01
2.117336304896528798e+00,1.949999999999998956e-01,-7.892273445251919428e-01
2.123820464252839546e+00,1.497749999999999915e+00,-9.730947693478838589e-01
2.133130859710079541e+00,2.091750000000000220e+00,1.892383927365982182e-02
2.133371643158958886e+00,1.800250000000000128e+00,-7.428404554822516381e-01
2.133587994554231315e+00,-3.270000000000000129e-01,7.631521714700425507e-01
2.136498145374146951e+00,-5.309999999999999165e-01,6.421865360296118430e-01
2.138113714240043262e+00,2.069999999999999063e-01,8.088899989608638874e-01
2.148227733616499879e+00,1.849750000000000005e+00,6.826078497108833965e-01
2.163981445977368967e+00,8.707500000000000240e-01,1.080002093921660578e+00
2.164820937932492306e+00,2.031250000000000000e+00,-3.454815420815611215e-01
2.165684254062016922e+00,2.075250000000000039e+00,-1.624381896473636455e-01
2.166532892162953861e+00,-3.390000000000000235e-01,-7.939846221141499960e-01
2.167727659739064006e+00,-8.430000000000000826e-01,-1.915039206820167705e-01
2.168014805703619707e+00,-8.129999999999999449e-01,2.946720829525835139e-01
2.172454037965123153e+00,-1.229999999999999705e-01,8.602550091221613515e-01
2.173221563821309488e+00,1.008250000000000091e+00,-1.086244091964278624e+00
2.174564294748427162e+00,-9.000000000000009728e-03,-8.709620522708430013e-01
2.186526090521675680e+00,5.187500000000000444e-01,-9.713940781447557571e-01
2.186720817109388371e+00,1.915750000000000064e+00,-5.801183275487875601e-01
2.188378802990182947e+00,1.360249999999999959e+00,1.022121990803439351e+00
2.194714390210894983e+00,-7.349999999999999867e-01,5.012884266234248765e-01
2.202355424295133979e+00,-8.910000000000000142e-01,9.940890729006175708e-02
2.202753575124629659e+00,5.682499999999999218e-01,9.912027669827103704e-01
2.211351350456416842e+00,2.064250000000000362e+00,1.808384476825897202e-01
2.219163736348615856e+00,1.310750000000000082e+00,-1.032182975140413017e+00
2.235037454553065128e+00,1.613249999999999851e+00,-8.824295056587897479e-01
2.244043928841673363e+00,8.099999999999993316e-02,9.284230816168169698e-01
2.244547192995770324e+00,-6.690000000000001501e-01,-6.494074656095583098e-01
2.246313154865682282e+00,-7.950000000000000400e-01,-4.898276630320902436e-01
2.248515455673697705e+00,3.210000000000001186e-01,-8.787661689202023174e-01
2.249838867649859520e+00,1.547250000000000014e+00,9.209223516189819492e-01
2.250700996326543635e+00,1.921250000000000124e+00,5.463034394371670821e-01
2.254003192087074225e+00,1.057749999999999968e+00,1.068712924928662655e+00
2.258836684554843099e+00,8.212499999999999245e-01,-1.054064518057911348e+00
2.261193494243654900e+00,-2.129999999999999116e-01,-9.213012249270589038e-01
2.271525160450519998e+00,-4.529999999999999583e-01,8.391158490598059627e-01
2.278990799651284593e+00,1.734250000000000069e+00,7.700915992334528282e-01
2.281340227537877574e+00,-6.570000000000001394e-01,7.013409523510590882e-01
2.285443022715039518e+00,1.992750000000000021e+00,3.781133669725276203e-01
2.288771127792686322e+00,-5.429999999999999272e-01,-7.995651889237751497e-01
2.295179485941463593e+00,-9.690000000000000835e-01,-6.532260682382434736e-02
2.300932684210516221e+00,7.552499999999999769e-01,1.029338116011378368e+00
2.301400737106863659e+00,1.169999999999999651e-01,-9.686434173033782180e-01
2.304854839293077884e+00,-9.210000000000000409e-01,-3.294422643586387145e-01
2.306256937917882333e+00,-2.489999999999999436e-01,9.469527780269335615e-01
2.314179035516227945e+00,4.527499999999999858e-01,9.010044234864181822e-01
2.314521448593818587e+00,1.123750000000000027e+00,-1.046786604745420846e+00
2.316350525561687412e+00,1.728750000000000231e+00,-7.608191522805168860e-01
2.327706028181896425e+00,2.047749999999999737e+00,-6.948882351318361184e-02
2.329736188817832065e+00,6.342499999999999805e-01,-9.836162784764651557e-01
2.330191051351025777e+00,1.959750000000000103e+00,-4.240917437391397704e-01
2.333276594963751283e+00,1.244750000000000023e+00,1.019325339991784762e+00
2.335243565297309587e+00,-9.390000000000000568e-01,3.411420269057558463e-01
2.341011128058447355e+00,1.426250000000000018e+00,-9.549986115384175855e-01
2.341140277319698981e+00,2.850000000000000866e-01,9.616022388855157699e-01
2.355139379831626911e+00,1.844250000000000167e+00,-6.091945160560847672e-01
2.355627567643684195e+00,-8.609999999999999876e-01,5.324125922808407019e-01
2.370939064919641570e+00,-4.169999999999999818e-01,-9.329487338304419675e-01
2.373608745926332642e+00,-4.500000000000003997e-02,1.022550241709432095e+00
2.381466269258182500e+00,2.003750000000000142e+00,-2.386826824850169781e-01
2.382441451135795418e+00,-8.699999999999993849e-02,-1.025208485491969412e+00
2.384084130433758553e+00,-1.016999999999999904e+00,1.623534465801708959e-01
2.385191966816778031e+00,2.020249999999999879e+00,1.439343121004236226e-01
2.392737036103417037e+00,1.431750000000000078e+00,9.323891665890929881e-01
2.394244443733816397e+00,9.422500000000000320e-01,1.025298130343079483e+00
2.395546349212970938e+00,4.470000000000001195e-01,-9.353217542911270721e-01
2.400297069031931407e+00,1.805749999999999966e+00,6.328737583629499008e-01
2.401764516149552886e+00,9.367500000000000826e-01,-1.022049270369641105e+00
2.421042191022539924e+00,1.618749999999999911e+00,8.061463334153043947e-01
2.422066846600194445e+00,6.397500000000000409e-01,9.497786660590814556e-01
2.422093957929877028e+00,-8.729999999999999982e-01,-5.864261305048105166e-01
2.422940395074042907e+00,-5.789999999999999591e-01,8.784994094264938491e-01
2.435887161513316190e+00,-7.469999999999999973e-01,-7.508446613344844645e-01
2.439288463114125172e+00,1.541749999999999954e+00,-8.506071852946163192e-01
2.439703791835571955e+00,-7.830000000000000293e-01,7.162256342219003313e-01
2.441401038114704658e+00,-1.046999999999999931e+00,-1.782083044660667248e-01
2.443308734257295001e+00,1.239250000000000185e+00,-9.778736133218828286e-01
2.445833125845978007e+00,2.429999999999999383e-01,-1.036267376496220693e+00
2.454973142355898919e+00,-3.749999999999999445e-01,1.001159689783101658e+00
2.457357564962490137e+00,4.889999999999999902e-01,9.520599706408001683e-01
2.464557422184997737e+00,1.590000000000001412e-01,1.062082975036708232e+00
2.466913084170721859e+00,1.877250000000000085e+00,4.716191358821065216e-01
2.467447239433104844e+00,1.948749999999999982e+00,3.022689462157325813e-01
2.472848853848789830e+00,7.497500000000000275e-01,-9.611393753841771526e-01
2.474369952326357591e+00,-9.989999999999999991e-01,-4.070774532967950665e-01
2.474899054894638795e+00,1.129250000000000087e+00,9.837506417584584995e-01
2.483681426859118524e+00,-2.909999999999999809e-01,-1.043424233487877384e+00
2.498201285106500968e+00,-6.210000000000001075e-01,-8.958554848474351573e-01
2.499248644075637404e+00,1.888249999999999984e+00,-4.144426726202765088e-01
2.505632956348208040e+00,1.657249999999999890e+00,-7.227432123199574177e-01
2.506874406789572962e+00,1.976250000000000062e+00,3.777994404264119806e-03
2.509527150136213081e+00,-1.094999999999999973e+00,2.028259220353743897e-02
2.520163117218940485e+00,-1.710000000000000131e-01,1.086515331655727667e+00
2.521580289714450807e+00,8.267499999999999849e-01,9.528580371080415112e-01
2.523662654131475946e+00,3.900000000000003464e-02,-1.100718734705160795e+00
2.530293717553730115e+00,1.772749999999999826e+00,-5.758871509445622205e-01
2.534745164757228331e+00,1.052249999999999908e+00,-9.598528774081813708e-01
2.534794958015069710e+00,1.316249999999999920e+00,9.077336009984755538e-01
2.536516033232364187e+00,-9.869999999999999885e-01,5.010125872164661320e-01
2.546090574702385645e+00,-1.064999999999999947e+00,3.158183554291755235e-01
2.549923760044207732e+00,1.932250000000000023e+00,-1.961983578902769532e-01
2.550266543638062711e+00,1.690250000000000030e+00,6.563243622269557820e-01
2.550916228618365089e+00,5.730000000000000648e-01,-9.539364581992069159e-01
2.552531815654438763e+00,1.354750000000000121e+00,-8.825310363888682064e-01
2.564393161335935201e+00,1.503249999999999975e+00,7.988740807769576513e-01
2.571187519245087927e+00,3.630000000000000449e-01,1.060354118372168308e+00
2.579854798700468965e+00,-7.049999999999999600e-01,8.754730206151278837e-01
2.586816084631011758e+00,6.929999999999998384e-01,8.882736358129474930e-01
2.597733873967338791e+00,-4.949999999999999956e-01,-1.016443291013657602e+00
2.600606178717832950e+00,3.689999999999999392e-01,-1.069730608855158582e+00
2.603894336863730175e+00,-9.090000000000000302e-01,6.758840903819054446e-01
2.605988847727170210e+00,1.013749999999999929e+00,9.179261701957824870e-01
2.607652611234557938e+00,3.299999999999989053e-02,1.133567168953361515e+00
2.608245722797374100e+00,8.652499999999999636e-01,-9.065757432220982182e-01
2.610030783533952459e+00,1.904749999999999943e+00,1.388880147491216299e-01
2.610214569165368204e+00,-9.509999999999999565e-01,-6.194080382987133815e-01
2.610997297706816322e+00,-5.010000000000000009e-01,1.018663780453884948e+00
2.619614725062060501e+00,-1.650000000000000078e-01,-1.126091489449408956e+00
2.628524126378242176e+00,1.761749999999999927e+00,4.844526396465062557e-01
2.635371801484161836e+00,1.470250000000000057e+00,-7.649624901776366226e-01
2.638369694629793205e+00,-8.249999999999999556e-01,-7.928420537773276378e-01
2.638703089501118537e+00,-1.125000000000000000e+00,-2.093789446529027432e-01
2.649638763211742187e+00,1.833250000000000046e+00,3.060456090727617928e-01
2.651002008306988955e+00,1.167750000000000066e+00,-8.706642996472677698e-01
2.654771575611496459e+00,1.816749999999999865e+00,-3.379254670356156010e-01
2.660925606325058812e+00,-1.076999999999999957e+00,-4.063244461682939956e-01
2.662201334290945187e+00,-1.143000000000000016e+00,1.394383786666436587e-01
2.668345550727308613e+00,1.200749999999999984e+00,8.503021006224853462e-01
2.676316415440073815e+00,-2.969999999999999862e-01,1.116700468830579940e+00
2.677613679545018499e+00,1.650000000000000078e-01,-1.144046354123598341e+00
2.679460810248496916e+00,1.860749999999999904e+00,-8.626960551930401566e-02
2.685093870717646602e+00,1.585749999999999993e+00,-6.305103693081602900e-01
2.685803405610375449e+00,5.669999999999999485e-01,1.009847265715940745e+00
2.693037996371423937e+00,1.574749999999999872e+00,6.319499767271791191e-01
2.694556981997691114e+00,1.701249999999999929e+00,-4.856326144919215215e-01
2.700778073794626977e+00,1.387750000000000039e+00,7.540291962442121632e-01
2.705936659854173421e+00,6.989999999999999547e-01,-9.300138450487066555e-01
2.708333187682630872e+00,2.370000000000000717e-01,1.139632164600764774e+00
2.717173564198557489e+00,-6.989999999999999547e-01,-9.334924783906147772e-01
2.719936306336768972e+00,8.982499999999999929e-01,8.254324032397627464e-01
2.725141263842862926e+00,-3.689999999999999392e-01,-1.108283210717414535e+00
2.729083130195441687e+00,9.807500000000000107e-01,-8.234483752879817597e-01
2.732862830711880964e+00,-8.310000000000000719e-01,8.234541473480661011e-01
2.742003963839550806e+00,-1.112999999999999989e+00,3.669728127879452462e-01
2.744322683595486811e+00,1.283250000000000224e+00,-7.587840141866543098e-01
2.750746860825402873e+00,-1.173000000000000043e+00,-4.408937073273683921e-02
2.757618402104267563e+00,4.949999999999998845e-01,-1.065939098167203669e+00
2.762939490774374729e+00,-9.299999999999994382e-02,1.172669311854662277e+00
2.763105524565558024e+00,1.789250000000000007e+00,6.895212743291072310e-02
2.765557275584523023e+00,-1.034999999999999920e+00,5.601889047175501180e-01
2.765705501571633640e+00,-6.269999999999998908e-01,9.959804656750054219e-01
2.771118552466742102e+00,-3.900000000000003464e-02,-1.177324204701101218e+00
2.771190744564125730e+00,1.646249999999999991e+00,4.445512040233721152e-01
2.781874249148927891e+00,1.745249999999999968e+00,-2.080266714097025738e-01
2.786639780956962298e+00,1.085250000000000048e+00,7.641533174147597807e-01
2.791046075246590430e+00,-1.028999999999999915e+00,-5.809451414119464197e-01
2.794715242747651374e+00,1.717750000000000110e+00,2.515206163409701157e-01
2.800244283058042072e+00,7.710000000000000187e-01,8.975837863670468320e-01
2.809084834862243252e+00,1.398750000000000160e+00,-6.295872993445282839e-01
2.813505228207297204e+00,4.410000000000000031e-01,1.100335721538652889e+00
2.821797195822369098e+00,1.459250000000000158e+00,5.689804974148855443e-01
2.823168727381534460e+00,1.272250000000000103e+00,6.769587755255598305e-01
2.829310784813066526e+00,1.096249999999999947e+00,-7.162259138656849045e-01
2.831563511398397015e+00,-5.729999999999999538e-01,-1.040817058520642213e+00
2.832868009644100127e+00,1.629750000000000032e+00,-3.460430840393657892e-01
2.833983561277837016e+00,-4.229999999999999871e-01,1.110634747373775655e+00
2.834072388721538882e+00,-9.030000000000000249e-01,-7.726959478445732943e-01
2.836478029162947223e+00,2.909999999999999809e-01,-1.152640258299859166e+00
2.840199586640581586e+00,1.514250000000000096e+00,-4.895013708959309318e-01
2.849957241516099860e+00,-1.155000000000000027e+00,-2.888982011479854228e-01
2.850424321897590207e+00,8.249999999999999556e-01,-8.584882739561469078e-01
2.860749396862365845e+00,1.110000000000000986e-01,1.186713221265274676e+00
2.868690074288196890e+00,1.673750000000000071e+00,-3.792746146484472086e-02
2.870418976044293302e+00,-9.570000000000000728e-01,7.122919052120347816e-01
2.871749982052266503e+00,-2.429999999999999383e-01,-1.168119400102748839e+00
2.891437958002682773e+00,1.530750000000000055e+00,3.655718869552299632e-01
2.891832735612422489e+00,-1.191000000000000059e+00,9.909007475477965565e-02
2.903718952432314815e+00,1.211749999999999883e+00,-5.902999174272682836e-01
2.904931652144224330e+00,9.749999999999999778e-01,6.930634958183653493e-01
2.906782099426563182e+00,1.602249999999999952e+00,1.582439940710369253e-01
2.907873835120020178e+00,6.210000000000001075e-01,-1.022678722641918947e+00
2.909237622085989461e+00,-7.530000000000000027e-01,9.299210669489073045e-01
2.913854440829843018e+00,6.450000000000001288e-01,1.008242997811172881e+00
2.921224315245336101e+00,-1.161000000000000032e+00,2.930416207493976022e-01
2.922514994378162534e+00,-2.189999999999999170e-01,1.177299908223806701e+00
2.925639552154946976e+00,1.156750000000000167e+00,5.732546179372561834e-01
2.928942747306723771e+00,-7.769999999999999130e-01,-9.117136978458115770e-01
2.930302218276541915e+00,8.700000000000007727e-02,-1.194810955433046384e+00
2.930738046048919632e+00,1.343750000000000000e+00,4.749343398166100405e-01
2.932945395347035245e+00,1.558250000000000135e+00,-1.672418213269767084e-01
2.940474297941288118e+00,-1.106999999999999984e+00,-4.593557344742929538e-01
2.947975557560397419e+00,1.327249999999999819e+00,-4.519400178873899665e-01
2.958617962834116710e+00,1.442750000000000199e+00,-3.082596938163796318e-01
2.960466999490799278e+00,3.150000000000000022e-01,1.157243337362863889e+00
2.970275279535405044e+00,-4.470000000000000084e-01,-1.113241860959828244e+00
2.971644751631115966e+00,9.509999999999999565e-01,-7.312967796250294805e-01
2.976126975492060289e+00,-1.082999999999999963e+00,5.162761651488891879e-01
2.984384375946552925e+00,-5.489999999999999325e-01,1.066937276640675503e+00
2.985561222260481262e+00,1.415250000000000119e+00,2.573645559831930218e-01
2.985694243276831195e+00,1.486750000000000016e+00,3.848761191493498685e-02
2.991919313244370660e+00,4.169999999999999818e-01,-1.125186963353894010e+00
2.997816192602045682e+00,8.489999999999999769e-01,8.480532005630594394e-01
3.003371447192907162e+00,-9.810000000000000941e-01,-6.911060941301451210e-01
3.015142708306676411e+00,1.228250000000000064e+00,3.569134618808686432e-01
3.016535946644213428e+00,-1.185000000000000053e+00,-1.884185831296362468e-01
3.020232647268572990e+00,1.140249999999999986e+00,-3.865944683351792976e-01
3.020323170636168175e+00,-1.500000000000001506e-02,1.199734124185560136e+00
3.029127435537899427e+00,-1.169999999999999651e-01,-1.193927381585239145e+00
3.029771213800443341e+00,-8.790000000000000036e-01,8.163777770302472758e-01
3.030816649272106034e+00,1.371249999999999858e+00,-9.793096080110984258e-02
3.041219549931235999e+00,7.469999999999999973e-01,-9.382387482424002778e-01
3.042056188242221459e+00,1.255749999999999922e+00,-2.423031944611776234e-01
3.046038511059402598e+00,1.052999999999999936e+00,5.736475010835778710e-01
3.050195240125141982e+00,1.076999999999999957e+00,-5.268315080448201515e-01
3.050545174726931208e+00,1.299749999999999961e+00,1.284709047137226057e-01
3.052466528100663545e+00,5.189999999999999059e-01,1.080687865865561648e+00
3.056386499431625214e+00,-6.509999999999999121e-01,-1.006488729535431670e+00
3.078122538900228911e+00,-3.450000000000000289e-01,1.146678624949371894e+00
3.084799764150614632e+00,-1.197000000000000064e+00,0.000000000000000000e+00
3.089050362582550058e+00,2.130000000000000504e-01,-1.177582707466408252e+00
3.111064155117621244e+00,-1.004999999999999893e+00,6.462505345823776892e-01
3.116348557210409265e+00,-8.549999999999999822e-01,-8.339292615294512379e-01
3.117171556397311249e+00,1.130999999999999783e+00,3.835489882289248031e-01
3.117830028908088025e+00,1.890000000000000291e-01,1.179150153410293500e+00
3.117897027438866875e+00,-6.749999999999999334e-01,9.851270430361146468e-01
3.120027009336948431e+00,-1.131000000000000005e+00,3.826650193441100134e-01
3.123543131734344946e+00,-3.210000000000000075e-01,-1.149650422781320902e+00
3.123869770424399395e+00,-1.058999999999999941e+00,-5.506135486664002210e-01
3.125267441592450623e+00,7.229999999999999760e-01,9.495151752746672225e-01
3.135076870094006374e+00,5.429999999999999272e-01,-1.061557930197691402e+00
3.135995272953559621e+00,-1.179000000000000048e+00,1.773817514128403772e-01
3.145233665138268631e+00,1.190999999999999837e+00,2.064418829853798334e-02
3.145496337991591673e+00,8.729999999999999982e-01,-8.103714059806380599e-01
3.161702982127090777e+00,9.269999999999999352e-01,7.446631087755090084e-01
3.162632641062380845e+00,-1.137000000000000011e+00,-3.475365075226985456e-01
3.178888850157129742e+00,-1.409999999999999865e-01,1.178184102459993277e+00
3.179804659562718960e+00,1.125000000000000000e+00,-3.768889549980666831e-01
3.180746458976746016e+00,1.173000000000000043e+00,-1.772052977971239618e-01
3.188968978714155522e+00,9.000000000000138098e-03,-1.184993554870122034e+00
3.203483007841827934e+00,-5.249999999999999112e-01,-1.059702630703369675e+00
3.203695436846605293e+00,9.989999999999999991e-01,-6.328563573259499142e-01
3.205504148716562973e+00,3.929999999999999605e-01,1.115042171785570080e+00
3.221185718317777891e+00,-4.709999999999999742e-01,1.081312109435683899e+00
3.223534848041525347e+00,-8.009999999999999343e-01,8.651191661910238029e-01
3.230565109588818373e+00,1.161000000000000032e+00,1.972783065628251342e-01
3.235815642525243785e+00,-1.167000000000000037e+00,-1.500066089890918497e-01
3.239087712380308570e+00,3.390000000000000235e-01,-1.126017791062268625e+00
3.256404495876070726e+00,6.689999999999998170e-01,-9.626503698095887351e-01
3.256419630140924060e+00,-7.289999999999999813e-01,-9.180457359404221584e-01
3.262332343612480035e+00,-9.330000000000000515e-01,-7.075964538455401520e-01
3.272551491981664729e+00,5.970000000000000862e-01,1.004642565402525722e+00
3.273491995992593218e+00,1.004999999999999893e+00,5.959673884769095542e-01
3.277094391367717297e+00,6.300000000000005596e-02,1.165868645376722856e+00
3.282367292241646695e+00,-1.950000000000000344e-01,-1.149888565154084885e+00
3.286123597925494799e+00,-1.052999999999999936e+00,4.993238295036294128e-01
3.287313182593597283e+00,-9.270000000000000462e-01,7.057776810780701515e-01
3.304353599619583193e+00,8.009999999999999343e-01,8.400999264364940045e-01
3.311392388416406707e+00,1.082999999999999963e+00,4.124873094245755101e-01
3.325117813266697642e+00,-1.149000000000000021e+00,1.187325039602919186e-01
3.328290200956926626e+00,-2.669999999999999596e-01,1.122914308376048886e+00
3.342740766017703091e+00,-5.969999999999999751e-01,9.829139165306378656e-01
3.343114307556893205e+00,1.350000000000001199e-01,-1.141949023358640902e+00
3.345109664249113379e+00,7.950000000000000400e-01,-8.299845297605638050e-01
3.349616774194958513e+00,-1.010999999999999899e+00,-5.437344123756664427e-01
3.357294323900765765e+00,-1.088999999999999968e+00,-3.555555738675663657e-01
3.357497485289341554e+00,1.142999999999999794e+00,-7.580598928710939599e-02
3.359712205983089284e+00,-3.989999999999999658e-01,-1.073035940156143564e+00
3.360208419655664525e+00,1.046999999999999931e+00,-4.626455386245160728e-01
3.363574467233183540e+00,2.669999999999999596e-01,1.111991279991037862e+00
3.364953916762246422e+00,-1.100999999999999979e+00,3.075835474141865311e-01
3.372012139700124145e+00,4.649999999999999689e-01,-1.041816667132819063e+00
3.387424777998138570e+00,9.210000000000000409e-01,-6.645758356975469683e-01
3.409853960733294720e+00,-6.030000000000000915e-01,-9.531058340348310676e-01
3.416145021008926363e+00,1.094999999999999973e+00,-2.603811081654730519e-01
3.417009283709951717e+00,-8.070000000000000506e-01,-7.841264294102786581e-01
3.420209418345576236e+00,1.112999999999999989e+00,1.570192495640984620e-01
3.423295156327920807e+00,-1.118999999999999995e+00,-9.306025268244563775e-02
3.428440403021909333e+00,4.710000000000001408e-01,1.017151818097192129e+00
3.430084847709617524e+00,-6.299999999999991718e-02,1.118507051283359255e+00
3.433116851703090777e+00,-7.229999999999999760e-01,8.542135522050693375e-01
3.436687711671197576e+00,8.789999999999998925e-01,6.904077363959452152e-01
3.438288563072239512e+00,-6.899999999999992251e-02,-1.114962840403244781e+00
3.459318753842770988e+00,6.749999999999999334e-01,8.794323637257864812e-01
3.460436559927484890e+00,-3.929999999999999605e-01,1.036122181155361366e+00
3.470019572411190190e+00,-9.749999999999999778e-01,5.181279779652918638e-01
3.479223777942682005e+00,5.909999999999999698e-01,-9.279351112304904392e-01
3.480950102527306189e+00,-8.489999999999999769e-01,6.984883670319596005e-01
3.483609528280685375e+00,2.610000000000000653e-01,-1.066771214532962864e+00
3.509359728186241867e+00,9.569999999999998508e-01,5.144936027804797307e-01
3.509942443017932678e+00,1.034999999999999920e+00,3.297479413262536796e-01
3.515835113289588865e+00,-2.729999999999999649e-01,-1.048515682237284086e+00
3.518071696248696867e+00,1.409999999999999865e-01,1.073182518281954545e+00
3.525287283578999897e+00,-8.850000000000000089e-01,-6.171290543396860118e-01
3.536423128909235380e+00,-1.070999999999999952e+00,7.217497330256278376e-02
3.541882875962237609e+00,-1.040999999999999925e+00,-2.503636330198422688e-01
3.544634884446149936e+00,9.689999999999998614e-01,-4.521192792221197521e-01
3.551599588743499680e+00,7.169999999999998597e-01,-7.884471407126807385e-01
3.552953898315897696e+00,1.064999999999999947e+00,4.121448441015402794e-03
3.555255140071337916e+00,-1.022999999999999909e+00,2.918265399588577669e-01
3.565994314078110516e+00,-4.769999999999999796e-01,-9.445218030470492465e-01
3.567296620949968133e+00,-5.189999999999999059e-01,9.213107748521929263e-01
3.568996679688491547e+00,-1.890000000000000291e-01,1.039481495026954194e+00
3.570322653704680604e+00,-9.629999999999999671e-01,-4.328545606450868166e-01
3.576114462325374888e+00,-6.810000000000001608e-01,-8.027023896186827878e-01
3.578502237331341984e+00,8.429999999999998606e-01,-6.282405283031587961e-01
3.583358361553339755e+00,5.699999999999991185e-02,-1.047112229899834102e+00
3.583412681470985461e+00,3.449999999999999178e-01,9.902548374528823416e-01
3.599916829139135466e+00,1.016999999999999904e+00,-2.140345722439384590e-01
3.600290774877886513e+00,7.529999999999998916e-01,7.159902133384972167e-01
3.602761980713932832e+00,3.870000000000000662e-01,-9.627611306060379626e-01
3.615701630548293188e+00,5.490000000000000435e-01,8.714989972112264782e-01
3.640733197850726466e+00,-6.450000000000001288e-01,7.832215326278904044e-01
3.649844979938810408e+00,-8.970000000000000195e-01,4.616194342186289989e-01
3.661078742975094613e+00,1.500000000000000985e-02,1.001374003849944350e+00
3.663540788506226331e+00,-1.469999999999999918e-01,-9.889917198786525310e-01
3.665488127491584258e+00,9.869999999999999885e-01,1.515141979081326695e-01
3.671458426871239134e+00,-9.929999999999999938e-01,-5.562895813873136586e-02
3.671949850858527764e+00,-7.710000000000000187e-01,6.277279649109178683e-01
3.685662683321718536e+00,8.309999999999998499e-01,5.284937887052795213e-01
3.686458407829970696e+00,-3.150000000000000022e-01,9.324965706744138272e-01
3.691456999534234562e+00,-7.590000000000000080e-01,-6.211330113551472021e-01
3.693132874346358285e+00,5.130000000000000115e-01,-8.345045347392398005e-01
3.708696832594628123e+00,9.090000000000000302e-01,3.338679371702855669e-01
3.710184009062169608e+00,1.830000000000001625e-01,-9.498155996152011227e-01
3.713276104181181925e+00,-9.450000000000000622e-01,1.954794086447869395e-01
3.714296264303450279e+00,8.909999999999999032e-01,-3.686459640388533576e-01
3.715830984418178939e+00,-3.510000000000000342e-01,-8.968751316358931636e-01
3.729104237157063739e+00,2.189999999999999170e-01,9.276022915881657616e-01
3.730087233256328183e+00,-5.549999999999999378e-01,-7.739170703868210044e-01
3.741229974816541848e+00,9.389999999999999458e-01,-9.411229693014981634e-02
3.741924229545749547e+00,-9.150000000000000355e-01,-2.287431695438040258e-01
3.747375131691978112e+00,6.389999999999999014e-01,-6.878294937907202256e-01
3.748167810961936741e+00,-8.369999999999999662e-01,-4.238819725353078494e-01
3.756041450587008335e+00,6.269999999999998908e-01,6.893999746114680693e-01
3.757698525815662993e+00,7.649999999999999023e-01,-5.297810339911870336e-01
3.764485171412319975e+00,4.230000000000000981e-01,8.225773049936858650e-01
3.775562759745749730e+00,-4.410000000000000031e-01,8.025094427454151358e-01
3.785385061458293343e+00,-1.109999999999999598e-01,9.004717126251956527e-01
3.795363414758663900e+00,-2.100000000000002212e-02,-8.983073184959801116e-01
3.807405452735340035e+00,-8.190000000000000613e-01,3.425426030339005501e-01
3.811988382104167350e+00,3.090000000000001079e-01,-8.277643791127137218e-01
3.828562737114801884e+00,-8.669999999999999929e-01,4.236496978433177546e-02
3.829802771836567921e+00,-5.669999999999999485e-01,6.556968505737611475e-01
3.832478754071517724e+00,8.609999999999999876e-01,7.522050265408440628e-02
3.841298994069955342e+00,7.049999999999998490e-01,4.849649498436786055e-01
3.842478047589857226e+00,-6.330000000000001181e-01,-5.740572613678729397e-01
3.842787610696914768e+00,-6.930000000000001714e-01,4.994597513872219841e-01
3.851573676599244767e+00,-2.249999999999999223e-01,-8.149829895913440758e-01
3.852953726344284568e+00,8.129999999999999449e-01,-2.269381869924027850e-01
3.858152488316686224e+00,9.299999999999994382e-02,8.336218008161014881e-01
3.866962082997437822e+00,7.830000000000000293e-01,2.743861269174219242e-01
3.870867845572750099e+00,-4.289999999999999925e-01,-7.053709630736698655e-01
3.882638001667901406e+00,4.350000000000001088e-01,-6.868225083758489058e-01
3.884541813475349770e+00,-2.369999999999999329e-01,7.755106577048052063e-01
3.891818345679520341e+00,-7.889999999999999236e-01,-1.487919295843813938e-01
3.896506031806221237e+00,5.010000000000000009e-01,6.207059971798750686e-01
3.897106640450392234e+00,-7.109999999999999654e-01,-3.601092551709980105e-01
3.898002248052582885e+00,2.970000000000000973e-01,7.385004823915196637e-01
3.904702674341526958e+00,1.049999999999999545e-01,-7.813373605807470978e-01
3.908583283248108664e+00,6.869999999999999440e-01,-3.775015462247626186e-01
3.916581367244270862e+00,5.610000000000000542e-01,-5.340014955228337135e-01
3.927808072183848864e+00,-7.409999999999999920e-01,1.734680984806412640e-01
3.947661899223487314e+00,7.349999999999999867e-01,-4.137541250710333185e-02
3.952907728229149154e+00,-3.629999999999999338e-01,6.326119359300469425e-01
3.964185877859739193e+00,-3.300000000000002931e-02,7.136221639886505264e-01
3.966538593743946794e+00,-9.899999999999994915e-02,-7.042741985927595261e-01
3.972453251625331028e+00,-5.069999999999998952e-01,-4.871197731598675418e-01
3.972477772366563187e+00,5.789999999999999591e-01,3.988056948602508034e-01
3.978575875326540334e+00,-6.150000000000001021e-01,3.227448779282102165e-01
3.985641989639781890e+00,-4.889999999999999902e-01,4.789455796423347511e-01
3.985875220835252364e+00,2.309999999999999276e-01,-6.439635462842925318e-01
3.989216835738068845e+00,6.569999999999998064e-01,1.726298117138584665e-01
3.991671409856313968e+00,-3.029999999999999916e-01,-6.039692168261477923e-01
3.999716983688451855e+00,-6.629999999999999227e-01,-3.157455502241817563e-02
4.009788602350850439e+00,1.710000000000001519e-01,6.253686741133703819e-01
4.015350595689730184e+00,3.750000000000000555e-01,5.181101888908472564e-01
4.015697826329373221e+00,-5.849999999999999645e-01,-2.571632275224960962e-01
4.017758613105856469e+00,6.090000000000000968e-01,-1.824456232657927501e-01
4.034155153702251084e+00,3.569999999999999285e-01,-4.930254740589707918e-01
4.041864206621344380e+00,-1.590000000000000024e-01,5.737926236553378967e-01
4.045765050364490634e+00,4.830000000000001514e-01,-3.362833023451414216e-01
4.055150343243145272e+00,2.700000000000002051e-02,-5.709017018312992908e-01
4.067544227334776608e+00,-5.369999999999999218e-01,1.094546604041758409e-01
4.075157697011434266e+00,4.529999999999999583e-01,2.807613337998469127e-01
4.075302810847452051e+00,5.309999999999999165e-01,4.198648572538361823e-02
4.076275972365387190e+00,-3.809999999999999498e-01,-3.694171508050759223e-01
4.086923346672683088e+00,-2.849999999999999756e-01,4.211563111931895809e-01
4.086942084352063631e+00,-1.770000000000000184e-01,-4.766842825858548238e-01
4.094569353737013806e+00,4.499999999999990813e-02,4.897886583616807288e-01
4.096192096121610504e+00,-4.109999999999999765e-01,2.635182885503571382e-01
4.101520440373059628e+00,-4.589999999999999636e-01,-1.263792682378795662e-01
4.107428409061828489e+00,2.490000000000000824e-01,3.893601402336748230e-01
4.112981069747533525e+00,1.529999999999999971e-01,-4.217394200020137540e-01
4.124527253751388400e+00,4.049999999999999711e-01,-1.068337754193925404e-01
4.136788568991514481e+00,2.789999999999999702e-01,-2.643307575940119225e-01
4.146049281520287622e+00,3.270000000000000129e-01,1.401500778695155547e-01
4.148290648144164372e+00,-8.099999999999993316e-02,3.389212111754815182e-01
4.149938111802466523e+00,-2.549999999999999489e-01,-2.293846965779936797e-01
4.152373311339784934e+00,-5.099999999999991346e-02,-3.308092370411984673e-01
4.152651285531279157e+00,-3.330000000000000182e-01,2.249475412380291459e-02
4.168156920330281068e+00,-2.069999999999999063e-01,1.804450317533649872e-01
4.168844103513722033e+00,1.230000000000001092e-01,2.422281190968611775e-01
4.182960461507724048e+00,2.010000000000000397e-01,-1.426697267931109799e-02
4.184945941415553428e+00,7.500000000000006661e-02,-1.740060801317222239e-01
4.190668305556361162e+00,-1.289999999999999758e-01,-7.528602887350753503e-02
4.197006938620768679e+00,-3.000000000000005267e-03,8.464862015257552941e-02
